duration,src_bytes,dst_bytes,count,label
0.7670575017539648,2059,7456,12,1
0.22257929488505612,1103,2517,47,1
0.08946654022557099,7065,835,60,1
0.0504669279377179,1396,7910,40,1
0.2685568764391456,7076,6944,9,0
0.23065961413604663,6365,2704,93,0
0.34052773311389106,5578,6455,60,0
0.7666043677635436,7877,7203,24,0
0.1743258104734028,5540,2094,5,1
0.4944575582944012,5939,9960,3,0
0.923729912123937,4131,5350,55,1
0.6516314532450945,9877,7040,31,1
0.8382204475497919,4629,8991,97,1
0.32048251852437626,3304,2737,19,1
0.8351463312696223,7727,9266,91,0
0.8844699572619353,8097,3650,70,0
0.7551880810100864,8558,6548,9,0
0.49118693255871504,8062,2807,77,0
0.4108209108260158,661,5267,82,0
0.5814842796576176,993,3917,4,0
0.21874092661423905,4488,1500,22,0
0.0225239576355043,972,974,73,1
0.8479747027068067,9826,3268,93,1
0.2922575488364939,1723,2862,15,0
0.4074243597497962,3435,4431,50,0
0.7908993524043523,5676,333,51,1
0.13237318614925941,7079,9529,20,1
0.241626341392431,3238,5845,6,0
0.08228419278423027,8598,8796,26,1
0.15712046853178718,3570,6590,66,0
0.8979492654418578,7338,2210,77,1
0.3833166945509918,6449,9046,15,1
0.3205062931980611,7475,6283,21,0
0.8093817761151012,6658,4442,96,1
0.748169882603194,5816,3193,8,1
0.29956605105329803,1334,3397,23,1
0.15970800429791976,2600,5908,92,1
0.5781990909181538,5073,1717,59,1
0.7692891599632409,4845,6703,21,0
0.16401368284876983,8009,1448,79,0
0.21709560513183868,1016,1135,31,0
0.03189146412239252,3380,5909,34,0
0.14318658107679594,3666,9622,16,1
0.47242563886173716,4212,2484,52,0
0.4790841536328754,6485,3532,63,0
0.666767109573044,7176,8822,3,1
0.38091925926829107,6118,925,90,0
0.5646668277248112,2853,5227,40,0
0.5138556438694608,4384,1042,76,1
0.22883912984960353,6341,1763,2,0
0.4448607956758449,1486,7989,35,1
0.2504800843370817,4842,2182,94,1
0.5275822391733676,5362,2677,67,1
0.3206715130667154,7560,7535,12,0
0.04902489658415854,2104,4857,45,0
0.35438147474742054,7170,7736,46,1
0.08319979837906488,7662,9343,69,1
0.03752225210533677,2493,4710,21,1
0.2328962703707248,3686,8018,37,1
0.7877520500363893,6380,742,19,1
0.4460470825052234,6942,7064,42,0
0.5603499419468866,9748,564,77,1
0.4992795668071577,815,4488,76,1
0.3577331481065005,2913,7554,50,0
0.8825191405608793,4986,6236,49,0
0.1864623237696319,9136,9549,86,1
0.9621494874674158,9329,2354,2,1
0.17684534821002607,7681,6310,96,1
0.15336347690605023,6898,7445,31,0
0.16838919270162234,2358,7495,74,1
0.23191765649601204,1609,5301,29,0
0.37324696475963426,5903,5900,12,1
0.35779917326510136,2140,3751,2,1
0.11269704854942686,7811,965,48,1
0.18310677772447315,9710,7522,57,0
0.41689040088278917,8333,4034,22,1
0.0025729979102051548,5866,7900,41,1
0.8840260136680578,8086,427,14,0
0.3368685735093109,6101,4964,65,0
0.9982021877001963,6578,1962,64,1
0.7785637417437542,2682,288,60,1
0.348432592681867,8689,4268,22,1
0.9442402770069465,2087,5071,75,0
0.5782343832934946,4520,4570,39,0
0.9628769965531448,6460,3705,27,0
0.9672603338884168,871,771,30,0
0.6411486852998746,6751,6799,81,0
0.4861695422684912,3543,6659,85,0
0.6492563629060288,3065,8511,5,0
0.6261736270032386,5987,9338,34,1
0.6167699539532308,1814,1166,77,0
0.8769440064710338,4993,5304,28,0
0.9908200816823167,5764,3609,32,1
0.49019582336309486,9971,2805,80,1
0.1893746312718103,4347,3219,6,0
0.10533023058334323,5311,7760,72,0
0.223675378497308,7519,8931,57,0
0.6185643425441432,438,2947,3,0
0.7339663114711221,9538,411,70,1
0.6221840882932658,8385,4147,60,1
0.18279277436868469,1547,6988,74,1
0.2128693895563979,2982,1337,51,0
0.3281302794349704,9121,1589,83,0
0.8785621477346661,7289,7643,99,1
0.8506206197618313,9306,5512,19,0
0.7919883291047903,3152,1789,6,0
0.1348320014347033,3122,4082,40,0
0.6118851689410539,967,9179,20,0
0.6770547453241728,9857,9029,93,0
0.1544173615001342,90,4010,19,0
0.1556882908723759,3078,8206,13,0
0.3213162574295041,1823,1869,66,0
0.6122656954784408,2788,8411,88,0
0.3366531430062184,8515,9911,1,1
0.6809190765203992,8885,5610,4,1
0.8632347694822666,8012,987,87,0
0.8863461667646202,3619,8483,50,0
0.017844473597127153,438,3002,64,0
0.5761523829479208,2916,3403,39,0
0.11620002119728023,7245,6825,33,0
0.2681070273798375,4632,5093,31,0
0.9414025737703128,9420,1128,95,0
0.16675892755204524,2139,8712,88,1
0.2348481245454319,3733,903,49,0
0.7981757111383522,5835,2866,16,1
0.6680376100112929,6499,3833,39,0
0.7890139171926814,2717,16,90,1
0.14744210120647094,4387,6526,43,1
0.2507131603895011,8267,1996,61,0
0.08774833776127622,7410,1462,17,0
0.8006585794553868,4837,6504,92,1
0.9035690457371321,9933,8864,99,1
0.40457385623140274,3654,7646,95,0
0.6286744252871189,6875,7114,98,0
0.1231621870343711,7614,2904,44,1
0.2637914925602717,4857,5377,95,1
0.9055422114280894,3292,4604,8,0
0.8144529585940853,444,7830,8,0
0.20685987222642954,1569,6049,55,0
0.6077786939008519,4084,3439,95,0
0.37175631942292664,2770,5333,83,0
0.6051678408060189,9641,5989,86,0
0.24575572364324294,2693,6669,75,0
0.024556934661728258,6768,7892,39,0
0.514653742469615,1830,7117,76,0
0.015978771436186978,853,8374,46,0
0.4399583502710128,3670,2522,56,0
0.25510591227497303,6674,5403,22,1
0.6440850670911447,942,2820,86,0
0.2716173375020572,7812,6026,79,1
0.5114557873935677,3269,7717,12,1
0.31151265398172134,665,4444,13,0
0.7286677817231905,6850,8238,37,1
0.26776225644650153,5842,2517,48,1
0.013765320085685762,4670,1832,3,1
0.8231290515737225,8398,8705,89,0
0.6441459318272128,5832,33,59,0
0.8081410295174711,7084,445,1,0
0.9058837945618458,5331,2969,68,0
0.1102363153448147,199,9717,99,1
0.14668480622586988,2811,1219,69,0
0.9093863787719082,6066,1906,79,0
0.9696718024705513,2655,7902,21,0
0.2449204816012135,4908,5396,38,0
0.8179765250716536,1009,9975,52,1
0.8577413233672813,1124,2798,42,0
0.30202628784162144,877,7952,87,1
0.9554877686048291,1512,2584,86,1
0.09653410688409458,6090,7949,61,1
0.6026368168946302,1331,6841,82,0
0.7206261348935613,8061,3676,15,0
0.5028029137204363,6530,9508,84,1
0.03696226874685982,8449,3811,41,0
0.6418714544282494,5994,3334,9,1
0.5727886109826241,5221,703,23,1
0.5791280518254736,8295,5254,75,1
0.8791751739714464,2331,8597,58,1
0.5393237313869487,8787,607,33,0
0.6959421116271339,7217,5899,75,0
0.21871757656622026,8801,3932,38,1
0.06461348712588366,6165,5874,91,0
0.07954977301079436,6945,500,23,0
0.37077957037493414,7414,3302,75,1
0.35979711252662216,7018,3878,57,1
0.8280103121655019,387,752,61,0
0.8537180625983517,8228,8118,99,0
0.5470726674473012,8745,4644,39,1
0.7939799277903555,2225,3321,12,1
0.8807329450004343,2474,2081,14,1
0.8192772280513317,1701,4629,86,0
0.1346020158648652,3585,8430,28,0
0.2632060411680319,4545,830,27,1
0.00926077832691874,7611,9601,65,0
0.1353621117065006,9991,7326,92,0
0.899825748308792,2615,4681,14,1
0.19415232232211577,4919,3785,40,1
0.17793166560055973,2505,8265,78,0
0.012893045289221416,6170,171,95,1
0.07940173833982445,4911,1328,71,1
0.9284189593890857,8651,2421,47,0
0.8348032034923933,1863,7511,91,0
0.963771452749476,8788,5017,60,0
0.07786509937025621,3815,4599,21,0
0.20745457415961055,205,2812,39,1
0.6021055823163459,9636,8977,21,1
0.2181395192138177,8618,3912,18,0
0.6867572601310536,4053,2295,84,1
0.026080594893289732,7867,1011,45,0
0.17860139974727474,470,5607,47,1
0.8520355400498512,8229,1202,69,0
0.020980131370292754,9639,8639,91,0
0.9843120508044071,5070,9930,91,0
0.7522063570561588,4950,7555,97,0
0.9230386526643679,5547,1945,82,1
0.2379202541014026,6475,8413,53,1
0.491322326342606,8343,8087,60,1
0.20270823256563952,7200,1309,65,1
0.5685508234964958,5057,1228,31,0
0.67068899901351,2616,7236,90,0
0.4225868246967751,5357,1955,65,0
0.03379339425333905,8947,8460,74,1
0.5361440157856796,3097,1920,13,0
0.23063379325041844,3960,6515,64,1
0.8585210663677736,3711,6664,57,1
0.8817134420266555,794,1434,7,0
0.271891728674746,3560,3943,85,1
0.41518728560722507,1556,7966,69,1
0.2939279465035417,5778,5560,83,1
0.30707988955182575,757,3054,34,1
0.8199573077680472,5260,5312,50,1
0.8301719676124035,8096,679,41,1
0.16405513248177606,5851,7458,40,0
0.33760043690309327,8350,2110,65,1
0.31822597980387446,213,6184,69,0
0.37324060950405114,6856,8131,21,0
0.8048287936100136,1092,7198,61,1
0.24693860479587726,266,887,13,0
0.86109100914722,9225,8476,61,0
0.6340364837084104,4699,5339,8,1
0.7261233908259462,9844,5387,90,1
0.5143961390645991,8560,3982,4,1
0.2094161590588599,5033,8396,23,0
0.8022816850079986,9044,5385,92,0
0.9550716032950074,5227,2405,74,1
0.06860080324729978,7517,1874,42,1
0.279542880844198,2717,6603,33,1
0.8448484427792046,3841,7577,13,0
0.056336288130625856,9431,2692,54,0
0.5623968103304212,9225,3289,27,1
0.5964115377853156,6813,7590,40,1
0.37505332756785537,2714,4259,89,1
0.9562412714327597,5509,7512,69,1
0.7688717192685209,9726,7605,37,1
0.7606718801875733,6112,9796,64,1
0.7952381845202798,8279,8201,16,0
0.3028272537408727,3186,5847,26,1
0.917689853093576,1507,47,72,1
0.27414510277138204,202,2997,17,1
0.06896286215805225,7122,6392,14,0
0.3517516404058745,8801,3243,13,0
0.7244429620025595,7778,5648,75,0
0.7752603623147246,4613,8477,4,1
0.624036077313845,7085,1366,40,1
0.5833935698144332,9095,710,49,0
0.7793617706106621,3927,2673,36,0
0.43066607654860245,3236,5927,61,1
0.16618944746750897,3790,6662,68,1
0.5491398721386693,8315,2722,84,1
0.754285841828021,9357,8990,9,0
0.3578886520469702,3698,312,65,1
0.37571733776853034,9964,5887,25,1
0.5913157353984234,2547,2958,35,1
0.5041916609937448,3160,2733,70,0
0.9244365896315206,7458,4049,33,1
0.11449509337392827,7530,9935,4,0
0.8622857786412202,7025,8399,82,0
0.03942341503334801,9418,2619,8,1
0.9102237894174834,3742,8507,5,1
0.07744951255951427,9505,4508,43,0
0.30082530445076305,2665,3556,82,0
0.1875302707476545,9159,6281,46,1
0.14207463086810956,308,9304,76,1
0.9213296899122052,2453,7915,9,0
0.6610575437678538,7995,9725,33,1
0.323150543260017,6939,9469,11,1
0.5623154870188656,8,3944,88,1
0.2168175232191335,4623,5352,18,1
0.5389182963524886,8377,9957,42,1
0.34497557916663824,8167,2917,21,0
0.15985013185430885,3169,1287,1,0
0.41360698843103494,3378,31,1,0
0.5259977559286348,8273,7674,3,0
0.63598207446183,4804,45,93,1
0.5220935053740074,2640,6173,50,1
0.7260794857581245,2793,5039,90,1
0.9420873381497753,1786,6941,99,0
0.3124107553447729,4959,1818,78,1
0.08915306628138886,7620,5100,59,1
0.8752680640155428,400,8541,75,1
0.9175815555205942,6965,3,97,0
0.6033540552640746,647,9522,86,1
0.6859754897113977,6400,1705,23,0
0.5094182888923714,6196,7773,69,1
0.8751839656485961,4965,9375,56,0
0.8657906830551748,9095,2292,64,0
0.8869470939909508,2656,758,47,0
0.2306263142613506,7335,3647,94,0
0.5939792045953246,7997,5355,83,0
0.435994547586945,5322,3510,97,0
0.721925533321539,2000,6984,32,0
0.2619792968181144,3997,9029,5,1
0.37226236050099093,357,129,50,0
0.20223351289435332,2837,5839,83,0
0.45395542100981867,8658,6562,52,1
0.9811697207013038,2258,3915,42,1
0.5600504550730342,6102,1819,59,1
0.7424616809806768,5494,4679,7,0
0.35640874277691825,5650,7470,51,0
0.6858145260759843,3371,7889,19,1
0.6593819270082273,2909,1056,65,1
0.41084551038890726,6375,371,26,1
0.020905987044518848,3016,7660,49,0
0.9866679012895426,6563,66,45,0
0.2566936975318629,7968,2341,63,1
0.8340361303073156,5922,5584,52,1
0.5287279699817812,9290,3991,49,0
0.3470374839687794,5288,2145,97,0
0.2243760303527722,9922,2510,7,1
0.8391720719608526,8574,7178,18,1
0.39955692675949384,1630,3751,56,1
0.20535585292914116,6713,2470,85,0
0.3473473170852228,3054,2868,91,0
0.7411352474107913,3659,1759,81,0
0.9336869650833333,593,3909,45,0
0.5007235367680859,6672,2022,97,1
0.5117983962873575,7254,2941,98,0
0.11562682888512088,5143,5614,60,0
0.8147764143486699,1365,8034,3,0
0.6632478852956203,3353,3119,55,1
0.8429227768649243,3715,5719,61,1
0.04904542390106115,535,1640,34,0
0.3579546579505011,6227,644,68,1
0.7633312226885226,6156,2999,20,0
0.9090859260914158,1539,5722,92,0
0.6983952285750986,423,9919,25,1
0.8445215209181748,1503,9247,18,1
0.4087860488198023,5083,4823,5,0
0.838182269302512,862,2551,37,1
0.23542462561149935,5315,8414,9,0
0.16411057397126627,3146,4958,3,1
0.08098378480043877,5987,1271,39,0
0.6990900563147365,5768,5833,86,1
0.141921691691145,2264,2912,70,0
0.6525703637331721,9636,1291,48,1
0.574413458976069,6837,9371,79,1
0.155965119486019,831,677,94,1
0.6900230332807148,3998,4486,3,1
0.5728953544842161,6786,633,67,1
0.11438166960039353,8759,4652,8,0
0.7785637292100112,33,2753,49,1
0.5355860406915747,8445,315,25,1
0.6576555577616161,5218,3737,2,0
0.7805495250130583,2569,5888,87,1
0.5929364432970894,23,7415,14,1
0.6196597484678635,8473,224,54,0
0.6920109253965602,5254,2111,63,1
0.4548286509112963,8491,8834,26,1
0.6594047349537173,6980,1224,50,0
0.0005712797197440223,528,5335,85,0
0.6820729166597106,2278,4295,51,0
0.10634842076767992,5646,2429,50,1
0.8078030958291371,2298,1804,7,0
0.8890780118982181,1517,3836,88,1
0.8012514086840054,8364,7895,30,1
0.5487524540820495,3655,530,92,0
0.9475735989921419,6368,7683,81,0
0.47704730403963425,5987,3730,43,0
0.3544247564765606,1349,8003,83,1
0.4813163142386462,5778,6940,20,1
0.44446391617945546,4295,8643,83,1
0.970792535575335,1406,7398,37,0
0.7775612519555599,2566,3002,77,0
0.03483041996677605,4756,353,17,0
0.7890187249486553,2366,6406,48,0
0.9322826587252905,9675,6213,59,1
0.007630182812217945,5782,1641,97,0
0.19624455218076509,7655,921,33,1
0.7907240627183322,7788,3727,90,0
0.3563421122267605,102,1168,15,0
0.7409225518724013,1042,8612,81,1
0.7071823075904613,5279,2015,83,1
0.5743588596874172,7320,4198,23,1
0.5412294653364719,3520,1668,66,0
0.44435541405239376,7551,3739,82,0
0.594069139465168,1473,6434,15,1
0.7519425148739245,8873,8098,74,0
0.3454767819603318,2359,6743,89,0
0.24915201198020076,4098,119,79,0
0.6000138621152278,5247,3061,10,1
0.6053961688192896,4256,3586,89,0
0.6084546606356436,7099,9231,2,1
0.6536676863250218,1739,8682,90,1
0.06878932767778612,4420,9708,35,0
0.3470911516142974,7971,634,33,1
0.5520713963954562,8703,5384,83,1
0.7023026580747439,8540,6759,38,0
0.1822208402674378,700,7786,65,1
0.5550395171131972,9681,1229,82,1
0.31372469430092786,5999,1504,76,0
0.9114344692905944,6097,9134,54,1
0.010374655888466866,7235,8705,52,0
0.600799751863901,8261,8427,36,1
0.08503071128927597,1391,4346,66,0
0.9761107514022012,4693,9410,52,1
0.6293286514363372,9807,3319,10,1
0.7172642364133381,7564,916,2,0
0.07135302924161646,5003,306,5,1
0.0973655262704427,8562,5111,29,1
0.6428098507774046,3810,8451,52,1
0.11338854984549451,8081,3074,78,1
0.22019469923589463,6948,778,78,1
0.2716361869997549,8416,8789,33,0
0.4690695215291658,272,2905,26,1
0.6676232701266097,1299,1328,59,0
0.519736710441213,9572,4616,7,0
0.3398343600907009,2172,8885,9,1
0.7985312267671009,1422,7986,16,0
0.9920768096513128,8521,4018,59,0
0.6126164188661529,8122,9114,93,0
0.5677382842567661,111,1598,21,0
0.7069700394727482,8513,5017,28,1
0.2716703438889875,3790,344,27,0
0.9472496143436653,2817,7941,38,1
0.32766728432208714,5350,8995,10,1
0.7789970223727046,2843,9218,53,0
0.15569404211254256,6522,901,46,1
0.027993896464468815,8807,7311,72,1
0.847246083102036,9,1658,45,0
0.09866219070134341,5000,2946,58,0
0.7725882553955766,6636,43,53,0
0.40251141595608486,1078,9755,43,0
0.09602899720344604,5332,1746,81,1
0.8176001811023728,359,6257,52,1
0.7681500459077003,4973,7296,70,1
0.29578713078323715,522,8652,66,1
0.045813870712239635,7948,3221,55,0
0.7180787165181038,1073,2850,72,1
0.20885729407367304,4875,3023,22,1
0.0034914087240706104,3387,5416,83,1
0.8653210457046796,5913,724,29,1
0.6920978676615375,6566,2677,46,1
0.3622286684900773,6466,1438,19,0
0.790792525111708,6037,7063,49,0
0.9273455442180832,8352,9797,71,1
0.13908996578084132,3597,126,61,1
0.04193136989442281,1618,6903,73,1
0.2614056462016937,3324,7899,72,1
0.8075149488457247,6462,447,19,0
0.814667735164097,8605,413,6,1
0.03914388901162025,1362,8246,9,0
0.6006636395637649,415,4431,6,0
0.07453900310062234,8168,3087,93,0
0.6769640257607901,9382,5757,96,0
0.6358899038834035,7178,2950,91,0
0.118195435693626,9713,7258,62,0
0.83717046145564,2391,9900,67,1
0.26995165024607015,4730,2321,48,1
0.26638803352412355,4747,2833,93,0
0.019673260535899018,4931,1366,83,1
0.0812321947511111,7525,5865,85,0
0.765718615960875,8129,5580,1,1
0.7915202957650793,879,8072,36,1
0.8408395082136133,3143,9604,49,0
0.059318961847836915,9654,1450,2,1
0.2240032181156627,248,106,44,0
0.3846063874650921,9336,5369,72,0
0.01603059741439261,5313,630,2,1
0.7298540866806551,3277,687,60,0
0.43099581343955007,7493,1779,94,0
0.8134366634054683,5762,9238,18,0
0.7209653999114564,3755,4803,36,1
0.5895340957259553,8774,3486,8,1
0.7371386510754064,314,3394,22,1
0.8387438481205359,7152,1893,23,1
0.9573120294085432,6841,7590,96,1
0.5809228671776665,5557,2691,2,1
0.8955276256564879,6000,421,49,0
0.806522846147397,1618,54,61,1
0.9224289452837716,6007,5541,64,0
0.1560237410063804,7894,8075,63,0
0.44583114391197454,1126,7370,63,0
0.7960295641775101,1893,2771,33,0
0.2718610236936333,386,7294,80,0
0.5871840711446552,4214,8270,75,1
0.4959084836547878,4687,2008,17,0
0.9027032479949393,124,7802,88,0
0.44851337649758216,9560,7453,34,1
0.4244929415675561,1720,5551,12,1
0.6200869427443494,3640,1432,15,1
0.5301000643382997,6854,9976,7,0
0.1938989165573165,8992,8602,86,1
0.31624254571044585,7944,1124,50,1
0.7400587453091108,5429,3626,99,0
0.46901480534852613,2761,2590,64,1
0.8901261407993484,376,4936,26,1
0.6428308239421641,3573,6009,15,0
0.2788129425444037,9115,9232,58,1
0.22611053453968633,9258,7264,62,1
0.9837435875113603,4926,1565,81,1
0.8494665349559548,7864,8385,19,0
0.22893545279419025,7240,6318,69,1
0.10197159527406274,5463,4510,51,0
0.3748647471306782,2807,2941,35,0
0.6364504195907348,235,9702,97,1
0.5612786775302953,5501,5171,90,0
0.3741319762928501,6398,258,27,1
0.6101469456211843,4955,2081,7,1
0.11831874186117364,6782,5382,31,1
0.9764152351596818,7356,4019,23,0
0.3563437950316677,6569,1481,62,0
0.4533194401140408,746,7692,23,1
0.5859434526167238,9989,8509,80,0
0.3863779065878439,8078,8828,51,0
0.22653383187498788,8126,3353,72,1
0.2758808553583588,571,2177,13,0
0.4288969132576689,6259,8173,8,0
0.11976468412176067,548,2822,54,1
0.34557111728182355,9790,2154,79,1
0.0857187602610171,8964,2426,4,0
0.17570296488678694,7411,1561,34,0
0.40394058609741035,916,4800,7,0
0.5899433646449375,3312,1836,35,1
0.8924150821734207,3462,4175,86,1
0.3088211532434808,5020,213,18,0
0.537420164692932,8024,4861,17,1
0.06963206665604837,7460,8938,48,1
0.060591121030908135,9709,7276,17,0
0.28094053156534304,3032,2818,68,1
0.9869903928567805,6970,9676,23,1
0.5215299446588307,8239,2927,23,1
0.2808074975122137,3529,6104,48,1
0.4062390707293937,9661,7258,41,1
0.2707221365430623,7644,8651,61,1
0.5683260686084174,73,6925,77,1
0.7888846222213313,300,7288,93,1
0.00525944754134966,1583,4649,48,0
0.0024426900199608914,1141,9400,95,1
0.764613093575752,672,2322,39,0
0.2554042755449101,6947,7554,58,1
0.8052133083009574,9047,5817,28,0
0.2705124544415314,5468,8975,81,1
0.08633773000226008,9697,2313,79,1
0.07612613107107535,5568,5436,84,0
0.5091688481907298,3619,1251,96,1
0.5122132639560193,983,9349,43,1
0.9317478366641849,3238,1624,30,1
0.6075464732007874,9829,570,29,1
0.4781993459411621,2188,9827,57,1
0.3803043453861197,9395,8775,51,0
0.43132968433656005,286,6232,17,1
0.52170965103595,6019,4580,70,1
0.8897700438415388,4308,2598,41,1
0.4906312758098347,9043,5892,84,0
0.24850415177233398,2071,193,29,0
0.09847409610980407,4995,5703,37,0
0.26219819541527256,7298,4293,14,0
0.6310722819295999,366,6761,18,0
0.8284754477459221,9798,6941,74,0
0.5665354540733575,5685,1963,58,0
0.38180325657962966,5802,4347,58,0
0.6866704296263354,4669,2765,51,0
0.5777575661315654,5921,6356,27,0
0.7744366896072677,5450,7923,14,0
0.6314590303346874,2815,293,15,0
0.40470929433237035,5035,8037,88,1
0.2924717462548465,8205,9553,13,1
0.0454566777602331,8314,7735,44,0
0.47157789437706543,704,6771,63,0
0.7731842670202227,4545,5023,63,1
0.4077075921130493,2134,7551,13,0
0.9065985598925628,1752,3058,87,1
0.18552134321793545,181,3796,16,0
0.08374063765863216,6733,7416,70,0
0.14267489488346052,8500,9797,35,0
0.9927184005892563,9555,5576,77,1
0.30783630698509057,8958,1679,53,1
0.388084273673292,5535,5656,83,0
0.8316484094137696,3735,9106,27,0
0.5005616885943203,9446,3186,36,1
0.6952955697330713,8075,7931,57,0
0.1810663749679532,1636,3109,53,0
0.3430042391278023,6565,2170,98,0
0.9707760655644211,1660,9940,53,1
0.5086773765363793,1267,4556,98,1
0.5709864543209335,5790,7835,65,0
0.7587289805278764,9096,2640,3,1
0.6159198015472367,81,4324,58,1
0.7374723872903403,3869,2485,39,1
0.9823912648355554,9440,381,22,0
0.42529181178588904,6603,7310,83,0
0.1511273557252496,4044,3883,6,1
0.232727948888392,8817,3599,5,1
0.623821394969812,8398,2115,9,1
0.0964099841722823,3855,8138,27,0
0.15054500287300554,6958,7879,26,0
0.5015741730433546,2979,8696,2,1
0.5835463537185016,9683,8591,16,0
0.31026787928072064,6661,4979,16,0
0.7071482907484202,8580,8725,4,1
0.04516532931691786,8598,2154,67,1
0.9180093395082651,1074,3148,17,0
0.6800443275478781,5440,9028,63,1
0.9899494276595575,2662,4241,27,1
0.7426927154699641,3800,2833,46,0
0.522321701849324,1669,7763,68,0
0.1707359199639803,3262,8631,89,0
0.45584452240121165,5945,2723,28,1
0.13171015192985447,8602,3799,58,0
0.1913740693442333,6806,8860,60,1
0.14993940262994299,490,6700,42,1
0.8102719081359236,700,5513,67,0
0.5639558365201729,9713,7290,94,0
0.14808832942852046,9386,9028,77,1
0.4095996526446293,5790,8983,14,1
0.32777837580573044,3715,7749,14,0
0.09250638149854695,5949,5309,54,0
0.49102062886024533,8630,2502,57,1
0.06016336968016189,1647,4898,99,0
0.2062381647714191,542,8341,87,0
0.7629965558501424,5552,5309,6,0
0.6185964561945958,6170,8693,73,0
0.07986608290249209,1324,138,53,1
0.39040152963183394,9302,3400,13,0
0.10787154636354812,7495,8824,90,0
0.9865466041457371,997,3044,95,0
0.8865413461021134,5980,754,77,0
0.18294469086796727,9031,5614,12,0
0.019263923092071256,2245,4983,27,0
0.2851313055164345,9540,9354,67,0
0.6605261183016419,7786,7415,62,1
0.43745532467058423,1346,335,61,1
0.9955844296710423,5567,4685,9,0
0.9098390575252286,6780,3683,74,0
0.6458363206898362,7266,3925,84,1
0.35608519003434247,6509,65,70,1
0.32587664632615143,4963,8066,34,0
0.759188950643792,9908,4199,67,0
0.3589148024234613,9530,7085,19,0
0.1257284561398031,6508,2689,22,0
0.5421495358344792,1571,8510,11,0
0.14230552713963163,9410,2386,17,1
0.2667841062244284,7938,1833,85,1
0.14084494858214291,7697,9714,12,0
0.807934447758826,5153,8852,49,1
0.7276075972752761,1973,4432,59,0
0.24604761115684048,4386,572,1,0
0.01934163238878628,4366,8736,69,0
0.4163628576889373,7002,4212,96,0
0.9305537700286635,9810,315,83,1
0.7845115921315565,7276,154,84,1
0.3882971007162678,6608,1791,35,1
0.8650527686315757,4168,5718,17,1
0.042940640741274794,4466,3847,85,1
0.41034682575803383,5253,2884,25,1
0.1371441789789627,2213,7527,63,1
0.3760615024081664,4611,8958,49,0
0.6488982075347705,5233,5964,40,1
0.3556128511672353,5351,7747,36,1
0.936232862619374,7209,2525,69,0
0.9947132313032812,6245,4271,98,1
0.6057993780021187,4304,9850,80,0
0.027564322667814722,2029,6900,68,1
0.6149341094456897,3364,5048,79,0
0.4202180466299764,718,9429,34,0
0.8836114659878979,9260,4082,53,0
0.6132553731696193,8557,9904,40,0
0.4859111994687817,8764,3610,77,1
0.7155523686678843,3455,9229,87,1
0.07038744495064397,7710,263,90,1
0.4199059535249663,5661,7703,2,0
0.5654084606597551,5747,3325,9,0
0.15346103175631243,8404,121,37,1
0.037529610016695525,7708,2378,99,1
0.18827297697551104,3181,626,16,0
0.1436113397920391,4347,7049,35,0
0.9268829546399932,1153,26,44,0
0.5258323916981112,4079,7565,28,0
0.5325159231416002,6317,7438,73,1
0.328241168584954,7708,4623,16,0
0.3480711157273575,4990,6549,67,1
0.19914103388883175,9702,4607,72,1
0.4498655356094743,4554,5605,52,1
0.12045850450903428,5676,3612,11,0
0.8144734381953793,2945,9737,35,1
0.21232777531844182,210,7148,41,1
0.9029431591977586,155,2246,20,1
0.22702856444073594,6503,8715,55,1
0.16080540651614872,9392,3932,49,1
0.9144945577490777,1390,9449,5,0
0.558974499169247,5691,9852,57,0
0.6954744614877559,3783,9517,24,1
0.018735474564969823,2205,6454,34,1
0.41150422047708524,9100,1211,40,1
0.05621586201153561,1576,271,17,0
0.05022740361399425,5407,6749,31,0
0.6045368755564575,4236,8439,85,1
0.44274577192769415,2325,8647,63,0
0.5997007689574883,5500,8478,61,1
0.36244760857392366,2410,6618,24,0
0.030672262146322793,7267,2479,69,1
0.2172991095248482,8544,7458,13,1
0.32720457439772954,5886,3984,97,1
0.2297407858146029,9390,3270,71,0
0.8244382442035424,1504,4280,22,0
0.04694708997201569,1205,472,21,1
0.3587865770019053,8840,6908,3,1
0.1987405524398821,1852,855,38,0
0.9559432216454374,1317,1951,87,0
0.9389369525861928,5355,3273,47,1
0.035489575133789586,8537,9795,56,0
0.37421826189067997,797,4366,80,0
0.42001819600326984,6518,692,65,0
0.9736918859909702,5660,5058,91,1
0.539498280332542,657,933,8,0
0.5161185318970352,1849,9672,93,0
0.3031916298542233,9866,6841,5,0
0.9382092633820075,1965,9091,64,0
0.02947739972050556,8445,1839,8,1
0.3613989417251392,7525,7271,32,1
0.04552178597402157,7353,8538,50,0
0.5778470488414995,1184,4327,9,0
0.08420819459209883,6183,6976,28,0
0.3814256892277166,4762,5551,53,0
0.3266538267532194,2293,6005,87,1
0.5086283225873893,8081,3755,21,0
0.3892092090970247,6011,1846,28,1
0.3700553901799697,8443,9418,88,1
0.911207058171082,4850,6915,86,1
0.07340232997439344,2271,297,5,1
0.07467428845589918,2949,4421,51,0
0.926206916649545,4439,8864,82,0
0.31155670379234124,5234,7510,35,1
0.30443369202454995,511,2751,28,1
0.6205891882628373,8469,5030,56,0
0.9482986269975074,9637,6638,53,0
0.6926787094327364,864,5914,94,0
0.6443238273740107,4606,8011,26,1
0.2594108267262354,1423,1345,12,1
0.08494062741760855,756,3479,89,0
0.054664937835270266,4233,3321,84,1
0.6203119996883864,3859,431,53,0
0.046276273287093384,7769,4693,28,1
0.7766900291995679,3846,8000,47,0
0.6651937775086368,9625,1648,95,0
0.2612281463665562,3527,7656,22,1
0.9411245468532643,5950,9524,26,0
0.3667328934815399,9775,2901,16,0
0.9605137979464956,835,1585,84,0
0.47003330656316766,6706,3596,83,0
0.7730277514937923,2051,7593,51,0
0.8172404254618797,2656,6554,25,0
0.7004643549146807,5042,3997,6,1
0.9662526106248673,7314,4385,51,0
0.7267075494819358,5560,8148,38,1
0.6615418171842516,5633,5993,18,1
0.7937168368925005,6800,7121,15,0
0.7385811780636199,8602,327,88,1
0.11402682696384381,2621,6812,92,1
0.49427897003315524,7662,531,71,0
0.6730720751822479,2264,2635,24,1
0.1685643420683115,7538,2216,20,1
0.736994754476875,4095,5358,76,0
0.5347212321342364,7225,5949,39,0
0.9993021634148357,6300,4922,21,1
0.06689084141599766,5218,9959,97,0
0.6672129654907168,4966,5892,93,0
0.3324512898496016,4269,6337,66,0
0.6018625817428134,2952,1570,58,0
0.8188191063147207,645,9303,33,0
0.551609825057555,6075,4258,56,1
0.7615111998486758,7264,5501,87,1
0.4962884822967155,59,4362,92,1
0.24769488257741523,5217,3564,85,1
0.7307998185806722,5804,1826,84,0
0.5788352200489306,1147,4860,68,0
0.8414924292033645,1000,8855,60,1
0.9630913517224445,9837,4969,80,0
0.1029245976387344,279,4972,60,1
0.9572009849783851,3078,6836,11,0
0.2424338768742783,1695,7929,22,1
0.1406215474500887,2390,2698,78,1
0.9430007932188055,9568,8499,53,1
0.8969012452284104,3919,7717,47,0
0.6951957127948326,1853,7642,98,0
0.2188933697023545,1552,7069,91,1
0.7488898680809364,385,3202,90,0
0.5234964355891597,6802,5820,26,0
0.947260850957537,7457,6476,81,0
0.0020277739881690016,556,9183,17,0
0.9550442100499009,1691,8064,83,0
0.4999614190693358,1444,4634,1,1
0.19549630548975838,2057,2743,98,0
0.20793205678022963,985,7487,70,1
0.91667643682858,0,6253,49,0
0.5186679299279738,6578,5804,17,0
0.8937057059811729,8828,3919,31,1
0.5046093257782036,4859,7020,59,1
0.6596260322913551,1679,8328,78,0
0.5206945813960525,5454,5098,78,1
0.8280959418336902,3037,641,85,1
0.6239928117717939,8884,7641,27,0
0.682402624423287,1836,6923,17,0
0.7236770442942578,5484,1086,31,1
0.4887185641922923,5124,2455,61,0
0.17460381069369257,7760,2943,19,0
0.19652183646941612,84,5972,83,0
0.20961176052212238,1273,6738,66,0
0.6390383042295024,839,8903,11,0
0.21623292145212247,5371,4698,79,1
0.13191258250307236,3766,2225,43,0
0.6003395438204693,3863,493,89,0
0.7211657249928394,3301,2365,29,1
0.023610185106594295,995,7200,75,1
0.2639179815389321,2860,6734,91,0
0.09512924899484065,2177,4356,17,1
0.027521447423479617,9288,3742,59,1
0.9883185267868196,5953,175,83,1
0.673967264170549,3495,2269,82,1
0.1380903300670694,8574,9620,38,1
0.6095293115973973,4217,7448,5,1
0.5760407470642235,6007,3100,23,1
0.6056026229339291,679,5189,17,1
0.648943110165516,4999,2668,52,1
0.004101102533097478,9346,7218,30,0
0.20481675891371065,315,1609,60,1
0.32861994045566456,740,2025,88,1
0.5163388740894328,8846,2575,9,0
0.7209922567136835,7933,5301,63,1
0.5402632334430331,2886,4132,92,1
0.03169799192916822,3193,9196,86,1
0.9737535536388598,4723,830,22,0
0.1864755842901451,4535,5163,80,0
0.9205862014535952,9098,5627,89,0
0.5281285373902102,1245,9190,47,0
0.15125262701962505,2404,2417,56,0
0.45607842346769345,9538,4014,30,0
0.8185923257738211,6079,580,57,0
0.3475520691402618,6650,278,9,0
0.5887467478427119,205,8182,78,1
0.7203196339365032,3895,7667,50,1
0.5478490945037915,2948,7086,71,1
0.11519825724912991,8652,4884,23,0
0.7201938755658686,2091,6097,26,0
0.46245695691673216,6257,653,26,0
0.20761707683042752,6531,579,22,0
0.18159416955964436,2968,6939,45,1
0.5027142347228718,1402,2143,14,0
0.16989319032288464,9526,8465,38,1
0.4500674022377714,6637,4488,38,0
0.5360509382335613,4557,159,16,1
0.8079508453487633,190,250,17,1
0.23958452704899713,2168,8309,60,0
0.4008931735627117,9101,4467,4,0
0.8650518615883951,4824,7146,25,0
0.8157510894559495,1824,8153,77,0
0.5763880695606005,446,7864,17,1
0.8028503008855612,4599,8983,61,1
0.5693677617722448,3873,5632,13,0
0.7081503602170519,7950,4478,78,1
0.08040521851737414,9885,1198,34,1
0.28481167716461764,8690,4268,17,0
0.9652792175773427,902,7682,4,1
0.06415788896370078,6723,4184,12,1
0.071843660415854,4313,7520,44,1
0.45676095816448536,4679,9783,17,0
0.363125378955919,2926,5163,73,1
0.13210219625766184,9489,2266,22,0
0.18634878180039438,1028,8685,53,1
0.6790404886239143,6733,875,22,0
0.42497711350474066,5530,3105,22,0
0.7337611468972705,438,1542,10,0
0.9233403189040987,1809,9417,3,0
0.45772052239440997,4046,33,56,1
0.7706821227936327,3889,4179,91,0
0.6092052883114001,4090,5246,13,1
0.5094826955268146,313,2254,8,1
0.5675431580293134,169,9990,75,1
0.839860669478492,9590,3665,24,0
0.0798445158171679,337,3532,18,0
0.5106242054368076,5785,6186,33,0
0.6593875453944937,4821,6992,85,1
0.6447937525391549,1219,4072,60,0
0.5322200966930525,879,9689,15,1
0.4479563168053745,6863,7386,34,1
0.6725514171891761,6451,6331,57,1
0.9874696065645139,1166,2802,69,1
0.31744543513264534,1358,4731,78,0
0.5245835036561626,8828,8683,91,0
0.4373555873501944,5516,2558,58,0
0.30637506507263834,4515,9028,24,1
0.6458944301181582,8724,9804,38,1
0.6681856355261396,7801,6606,99,0
0.2549330085460937,9493,7263,97,1
0.724013952246309,6520,6420,41,1
0.7176154561136466,7851,4189,50,1
0.9598465851006226,7729,6490,22,0
0.03320577143917025,2198,1227,76,0
0.8159025833618632,2501,3268,87,1
0.9478835682493136,9882,8898,8,1
0.6981604129743082,2277,1233,13,0
0.435661516933606,160,9849,39,0
0.25636653789655284,2901,8838,12,0
0.9570827104635586,1904,7911,78,1
0.8504553037708455,8096,296,45,0
0.6589412349941886,8004,809,91,0
0.2087589702305872,4195,621,19,0
0.33070142767429567,6139,150,20,1
0.500606653954746,8684,1681,67,0
0.5901892280496837,3649,3740,31,1
0.7634085191424635,4124,3504,41,1
0.49008729757829983,5571,9862,63,1
0.7836232281600504,9111,6306,47,0
0.10846446297241119,8621,1765,96,1
0.05935377317958923,5114,4295,13,1
0.2716677527792104,9908,48,57,0
0.6338899955851452,2906,3529,19,1
0.7867108859205144,9561,5090,32,1
0.16488633285584076,2567,8004,95,1
0.824631275851494,5312,8131,30,1
0.24778489863614261,1214,6201,1,1
0.7358597479002545,596,2976,88,0
0.9545787259218492,8149,7309,97,0
0.47314211499424386,749,8113,62,0
0.24483499527995922,5992,495,21,0
0.9215966863178047,5450,2503,70,0
0.13254775185886059,1478,8345,31,0
0.07622086515052084,4375,2115,51,0
0.06833706919094151,7963,1321,80,0
0.5757796039692784,2256,8882,69,1
0.6376625658065502,7104,1688,42,1
0.7469460757092875,3801,3272,28,1
0.90579602220127,5584,158,50,0
0.0281748384399767,53,7420,26,0
0.8082245725759103,7841,6212,37,0
0.19530174081258178,8708,7581,40,1
0.996955677588489,5542,4064,28,0
0.6368006307529447,4699,7593,46,1
0.41420777923055274,9468,8914,13,0
0.7741706811263135,8721,7997,79,0
0.6144542216174655,5497,723,15,0
0.5445539760872271,2523,598,34,0
0.1775524924774653,9381,1360,37,0
0.8276151938461127,849,3518,15,1
0.22419804842441005,1126,6437,4,1
0.7948741138082887,1389,7571,12,0
0.9353840890836874,3825,7270,12,0
0.20662057745188966,495,9224,32,1
0.38159057197933066,5332,1545,73,1
0.637402820399857,5970,1585,15,0
0.21063972161916733,8090,2408,24,0
0.7161087097344584,2404,6418,93,0
0.5624169701805308,6809,8036,33,0
0.6954176585571098,8083,3169,24,0
0.5055286672109713,9939,8526,62,1
0.9792425880555756,4756,4263,15,1
0.5190454363762648,6546,2677,50,0
0.014807199491418288,8311,7018,18,0
0.7185166154901143,3005,9093,71,1
0.841281806376268,5195,3556,12,0
0.744112511588322,8575,1407,53,0
0.05273057920453472,2394,1442,87,0
0.7838796403150516,854,7791,93,1
0.753036292685966,2814,889,73,0
0.6095909181174107,6303,5749,35,0
0.6253538209494877,5206,6246,87,0
0.7473791857927822,8285,7008,45,1
0.18720857505747912,9712,3748,32,1
0.4422765716554081,7626,8069,44,1
0.6163024506986616,8636,1363,47,1
0.44206712359998535,673,4782,47,0
0.8458277473600517,5973,9508,93,1
0.7704757882049752,1317,3307,53,0
0.2245227553728395,4973,6519,40,1
0.7920282252915816,1381,6439,92,0
0.23259457096778835,5521,414,92,1
0.216335368184147,5823,6765,23,0
0.654320793653415,3191,120,21,0
0.7897337519211662,6630,3882,46,1
0.8669822235937557,9318,7353,66,0
0.06984788950211374,4802,3921,43,0
0.7326843596148354,3986,9837,44,1
0.5336305717594737,3703,7953,64,0
0.0943408404476368,4134,7131,1,0
0.6481290944038643,7550,9104,81,1
0.001488711236156015,9473,8120,45,0
0.5413560916246519,4898,6906,50,0
0.37644944721291884,4663,1097,10,1
0.46816348241707506,6877,8800,20,0
0.5914062013983747,7381,4812,56,1
0.04523307837634083,4037,6357,87,0
